철도운영기관명,선명,역명,출입구번호,상세위치,정원_인원,정원_중량(kg)
서울교통공사,5호선,강동,,(B3-B4) 승강장,15 ,1000
서울교통공사,5호선,강동,1 ,(F1-B3)1번 출입구,15 ,1000
서울교통공사,5호선,강일,,(B3-B2) 승강장,24 ,1600
서울교통공사,5호선,강일,,(B3-B2) 승강장,24 ,1600
서울교통공사,5호선,강일,,(B3-B1) 승강장,24 ,1600
서울교통공사,5호선,강일,,(B3-B1) 승강장,24 ,1600
서울교통공사,5호선,강일,1 ,(B2-F1)1번 출입구,24 ,1600
서울교통공사,5호선,강일,3 ,(B2-F1)3번 출입구,24 ,1600
서울교통공사,5호선,강일,4 ,(B2-F1)4번 출입구,24 ,1600
서울교통공사,5호선,개롱,,(B1-B2) 승강장,15 ,1000
서울교통공사,5호선,개롱,,(B1-B2) 승강장,15 ,1000
서울교통공사,5호선,개롱,3 ,(F1-B1)3/4번 출입구,15 ,1000
서울교통공사,5호선,개화산,1 ,(F1-B2)1번 출입구,24 ,1600
서울교통공사,5호선,개화산,2 ,(F1-B2)2번 출입구,15 ,1000
서울교통공사,5호선,거여,,(B1-B2) 승강장,15 ,1000
서울교통공사,5호선,거여,,(B1-B2) 승강장,15 ,1000
서울교통공사,5호선,거여,2 ,(F1-B1)2번 출입구,15 ,1000
서울교통공사,5호선,고덕,,(B1-B2) 승강장,15 ,1000
서울교통공사,5호선,고덕,,(B1-B2) 승강장,15 ,1000
서울교통공사,5호선,고덕,2 ,(F1-B1)2번 출입구,15 ,1000
서울교통공사,5호선,고덕,4 ,(F1-B1)4/5번 출입구,24 ,1600
서울교통공사,5호선,공덕,,(B1-B3)승강장,15 ,1000
서울교통공사,5호선,공덕,2 ,(F1-B1)2번 출입구,15 ,1000
서울교통공사,5호선,광나루(장신대),,(B2-B3) 승강장,15 ,1000
서울교통공사,5호선,광나루(장신대),,(B2-B3) 승강장,15 ,1000
서울교통공사,5호선,광나루(장신대),1 ,(F1-B2)1번 출입구,13 ,900
서울교통공사,5호선,광나루(장신대),3 ,(F1-B1)3번 출입구,24 ,1600
서울교통공사,5호선,광화문(세종문화회관),1 ,(F1-B2)1번 출입구,15 ,1000
서울교통공사,5호선,광화문(세종문화회관),,(B2-B4)지하4층 대합실,15 ,1000
서울교통공사,5호선,군자(능동),,(B1-B3) 승강장,15 ,1000
서울교통공사,5호선,군자(능동),,(B1-B3) 승강장,15 ,1000
서울교통공사,5호선,군자(능동),4 ,(F1-B1)4번 출입구,15 ,1000
서울교통공사,5호선,굽은다리(강동구민회관앞),,(B1-B2) 승강장,15 ,1000
서울교통공사,5호선,굽은다리(강동구민회관앞),,(B1-B2) 승강장,15 ,1000
서울교통공사,5호선,굽은다리(강동구민회관앞),2 ,(F1-B1)2번 출입구,17 ,1150
서울교통공사,5호선,길동,,(B2-B3) 승강장,15 ,1000
서울교통공사,5호선,길동,,(B2-B3) 승강장,15 ,1000
서울교통공사,5호선,길동,,(B1-B2)지하2층 대합실,15 ,1000
서울교통공사,5호선,김포공항,,(B2-B3) 승강장,15 ,1000
서울교통공사,5호선,김포공항,,(B2-B3) 승강장,15 ,1000
서울교통공사,5호선,김포공항,3 ,(F1-B1)외부,24 ,1600
서울교통공사,5호선,까치산,,(B1-B4)지하4층 대합실,15 ,1000
서울교통공사,5호선,답십리,,(B2-B3) 승강장,15 ,1000
서울교통공사,5호선,답십리,,(B2-B3) 승강장,15 ,1000
서울교통공사,5호선,답십리,2 ,(F1-B2)2번 출입구,15 ,1000
서울교통공사,5호선,답십리,6 ,(F1-B2)6번 출입구,15 ,1000
서울교통공사,5호선,동대문역사문화공원,,(B1-B4)지하4층 대합실,15 ,1000
서울교통공사,5호선,동대문역사문화공원,,(B1-B5)승강장,15 ,1000
서울교통공사,5호선,둔촌동,,(B1-B2) 승강장,15 ,1000
서울교통공사,5호선,둔촌동,,(B1-B2) 승강장,15 ,1000
서울교통공사,5호선,둔촌동,3 ,(F1-B1)3/4번 출입구,11 ,750
서울교통공사,5호선,마곡,,(B1-B2) 승강장,15 ,1005
서울교통공사,5호선,마곡,,(B1-B2) 승강장,15 ,1005
서울교통공사,5호선,마곡,1 ,(F1-B1)1번 출입구,15 ,1005
서울교통공사,5호선,마곡,6 ,(F1-B1)6/7번 출입구,24 ,1600
서울교통공사,5호선,마곡,3 ,(F1-B1)3번 출입구,21 ,1600
서울교통공사,5호선,마곡,4 ,(F1-B1)4/5번 출입구,21 ,1600
서울교통공사,5호선,마장,,(B2-B3) 승강장,15 ,1000
서울교통공사,5호선,마장,,(B2-B3) 승강장,15 ,1000
서울교통공사,5호선,마장,2 ,(B2-F1)2번 출입구,15 ,1000
서울교통공사,5호선,마천,,(B1-B4)승강장,15 ,1000
서울교통공사,5호선,마천,,(B1-B4)대합실,13 ,1000
서울교통공사,5호선,마포,,(B1-B5)승강장,15 ,1000
서울교통공사,5호선,마포,2 ,(F1-B1)2번 출입구,15 ,1000
서울교통공사,5호선,명일,,(B1-B2) 승강장,15 ,1000
서울교통공사,5호선,명일,,(B1-B2) 승강장,15 ,1000
서울교통공사,5호선,명일,3 ,(F1-B1)3번 출입구,11 ,750
서울교통공사,5호선,목동,,(B1-B2) 승강장,15 ,1000
서울교통공사,5호선,목동,,(B1-B2) 승강장,15 ,1000
서울교통공사,5호선,목동,5 ,(F1-B1)5번 출입구,15 ,1000
서울교통공사,5호선,미사,,(B2-B1) 승강장,24 ,1600
서울교통공사,5호선,미사,,(B2-B1) 승강장,24 ,1600
서울교통공사,5호선,미사,1 ,(B1-F1)1번 출입구,24 ,1600
서울교통공사,5호선,미사,6 ,(B1-F1)6번 출입구,24 ,1600
서울교통공사,5호선,발산,,(B1-B2) 승강장,15 ,1000
서울교통공사,5호선,발산,,(B1-B2) 승강장,15 ,1000
서울교통공사,5호선,발산,7 ,(F1-B1)7번 출입구,15 ,1000
서울교통공사,5호선,방이,,(B1-B2) 승강장,15 ,1000
서울교통공사,5호선,방이,,(B1-B2) 승강장,15 ,1000
서울교통공사,5호선,방이,3 ,(F1-B1)3번 출입구,15 ,1000
서울교통공사,5호선,방이,1 ,(F1-B1)1번 출입구,15 ,1000
서울교통공사,5호선,방화,,(B1-B2) 승강장,11 ,750
서울교통공사,5호선,방화,,(B1-B2) 승강장,11 ,750
서울교통공사,5호선,방화,1 ,(F1-B1)1/2번 출입구 사이,15 ,1000
서울교통공사,5호선,상일동,1 ,(F1-B2)1번 출입구,15 ,1000
서울교통공사,5호선,상일동,3 ,(F1-B2)3번 출입구,15 ,1000
서울교통공사,5호선,상일동,5 ,(B1-F1)5번 출입구,15 ,1000
서울교통공사,5호선,상일동,8 ,(F1-B2)8번 출입구,15 ,1000
서울교통공사,5호선,서대문,,(B1-B4)승강장,15 ,1000
서울교통공사,5호선,서대문,2 ,(F1-B1)2번 출입구,15 ,1000
서울교통공사,5호선,서대문,6 ,(F1-B1)6번 출입구,15 ,1000
서울교통공사,5호선,송정,,(B2-B3) 승강장,15 ,1000
서울교통공사,5호선,송정,,(B2-B3) 승강장,15 ,1000
서울교통공사,5호선,송정,2 ,(F1-B2)2번 출입구,15 ,1000
서울교통공사,5호선,송정,3 ,(F1-B1)3번 출입구,15 ,1000
서울교통공사,5호선,신금호,,(B2-B8)승강장,24 ,1600
서울교통공사,5호선,신금호,,(B2-B8)승강장,24 ,1600
서울교통공사,5호선,신금호,2 ,(F1-B2)2번 출입구,15 ,1000
서울교통공사,5호선,신길,,(B3-B4) 승강장,15 ,1000
서울교통공사,5호선,신길,,(B3-B4) 승강장,15 ,1000
서울교통공사,5호선,신길,3 ,(F1-B2)3번 출입구,15 ,1000
서울교통공사,5호선,신길,,(B3-B4)승강장,15 ,1000
서울교통공사,5호선,신길,,(B3-B4)승강장,24 ,1600
서울교통공사,5호선,신길,,(B1-B3)환승통로,15 ,1150
서울교통공사,5호선,신정(은행정),,(B2-B3) 승강장,11 ,750
서울교통공사,5호선,신정(은행정),,(B2-B3) 승강장,11 ,750
서울교통공사,5호선,아차산(어린이대공원후문),,(B1-B3) 승강장,15 ,1000
서울교통공사,5호선,아차산(어린이대공원후문),,(B1-B3) 승강장,15 ,1000
서울교통공사,5호선,아차산(어린이대공원후문),4 ,(F1-B1)4번 출입구,15 ,1000
서울교통공사,5호선,애오개,,(B3-B4) 승강장,15 ,1000
서울교통공사,5호선,애오개,,(B3-B4) 승강장,15 ,1000
서울교통공사,5호선,애오개,,(B1-B3)지하3층 대합실,15 ,1000
서울교통공사,5호선,애오개,2 ,(F1-B1)2번 출입구,15 ,1000
서울교통공사,5호선,애오개,3 ,(F1-B1)3번 출입구,24 ,1600
서울교통공사,5호선,양평,,(B1-B5) 승강장,15 ,1000
서울교통공사,5호선,양평,,(B4-B5) 승강장,15 ,1000
서울교통공사,5호선,양평,2 ,(F1-B1)2번 출입구,15 ,1000
서울교통공사,5호선,여의나루,,(B1-B5)승강장,15 ,1000
서울교통공사,5호선,여의나루,,(B1-B1)지하2층 대합실,11 ,750
서울교통공사,5호선,여의나루,4 ,(F1-B1)4번 출입구,15 ,1000
서울교통공사,5호선,여의도,,(B1-B4) 승강장,15 ,1000
서울교통공사,5호선,여의도,,(B1-B4) 승강장,15 ,1000
서울교통공사,5호선,영등포구청,,(F1-B5) 승강장,15 ,1000
서울교통공사,5호선,영등포구청,,(B4-B5) 승강장,15 ,1000
서울교통공사,5호선,영등포구청,,(B4-B5)승강장,15 ,1000
서울교통공사,5호선,영등포구청,,(B4-B5)승강장,12 ,1000
서울교통공사,5호선,영등포시장,,(B5-B6) 승강장,15 ,1000
서울교통공사,5호선,영등포시장,,(B1-B6) 승강장,15 ,1000
서울교통공사,5호선,영등포시장,2 ,(B1-F1)2번 출입구,21 ,1600
서울교통공사,5호선,오금,,(B1-B2) 승강장,15 ,1000
서울교통공사,5호선,오금,,(B1-B2) 승강장,15 ,1000
서울교통공사,5호선,오금,,(B2-B3) 승강장,15 ,1000
서울교통공사,5호선,오금,,(B2-B3) 승강장,15 ,1000
서울교통공사,5호선,오금,5 ,(F1-B1)5번 출입구,15 ,1000
서울교통공사,5호선,오목교(목동운동장앞),,(B1-B3) 승강장,15 ,1000
서울교통공사,5호선,오목교(목동운동장앞),,(B1-B3) 승강장,15 ,1000
서울교통공사,5호선,오목교(목동운동장앞),7 ,(F1-B1)7번 출입구,15 ,1005
서울교통공사,5호선,올림픽공원(한국체대),,(B2-B3) 승강장,15 ,1000
서울교통공사,5호선,올림픽공원(한국체대),,(B2-B3) 승강장,15 ,1000
서울교통공사,5호선,올림픽공원(한국체대),2 ,(F1-B2)2번 출입구,15 ,1000
서울교통공사,5호선,왕십리,4 ,(F1-B4)4번 출입구,15 ,1000
서울교통공사,5호선,왕십리,,(B4-B5) 승강장,15 ,1000
서울교통공사,5호선,왕십리,,(B4-B5) 승강장,15 ,1000
서울교통공사,5호선,우장산,,(B1-B2) 승강장,15 ,1000
서울교통공사,5호선,우장산,,(B1-B2) 승강장,15 ,1000
서울교통공사,5호선,우장산,1 ,(F1-B1)1번 출입구,15 ,1000
서울교통공사,5호선,을지로4가,,(B1-B5)승강장,15 ,1000
서울교통공사,5호선,장한평,,(B2-B3)승강장,15 ,1000
서울교통공사,5호선,장한평,7 ,(F1-B2)7/8번 출입구,15 ,1000
서울교통공사,5호선,장한평,1 ,(F1-B2)1번 출입구,24 ,1600
서울교통공사,5호선,종로3가(탑골공원),,(B1-B4)지하4층 대합실,15 ,1000
서울교통공사,5호선,천호(풍납토성),6 ,(F1-B1)6/7번 출입구,13 ,900
서울교통공사,5호선,천호(풍납토성),,(B1-B3) 승강장,15 ,1000
서울교통공사,5호선,천호(풍납토성),,(B2-B3) 승강장,15 ,1000
서울교통공사,5호선,천호(풍납토성),,(B2-B3) 승강장,15 ,1000
서울교통공사,5호선,충정로(경기대입구),,(B1-B5)승강장,15 ,1000
서울교통공사,5호선,충정로(경기대입구),8 ,(F1-B1)8번 출입구,15 ,1000
서울교통공사,5호선,하남검단산역,,(B3-B1)대합실,24 ,1600
서울교통공사,5호선,하남검단산역,,(B3-B1)대합실,24 ,1600
서울교통공사,5호선,하남검단산역,1 ,(B1-F1)1번 출입구,24 ,1600
서울교통공사,5호선,하남검단산역,3 ,(B1-F1)3번 출입구,24 ,1600
서울교통공사,5호선,하남시청(덕풍·신장),,(B3-B2)대합실,24 ,1800
서울교통공사,5호선,하남시청(덕풍·신장),,(B3-B2)대합실,24 ,1800
서울교통공사,5호선,하남시청(덕풍·신장),3 ,(B2-F1)3번 출입구,24 ,1800
서울교통공사,5호선,하남시청(덕풍·신장),5 ,(B2-F1)5번 출입구,24 ,1800
서울교통공사,5호선,하남풍산,,(B2-B1) 승강장,24 ,1600
서울교통공사,5호선,하남풍산,,(B2-B1) 승강장,24 ,1600
서울교통공사,5호선,하남풍산,1 ,(F1-F2)1번 출입구,24 ,1600
서울교통공사,5호선,하남풍산,5 ,(B1-F1)5번 출입구,24 ,1600
서울교통공사,5호선,하남풍산,7 ,(B1-F1)7번 출입구,24 ,1600
서울교통공사,5호선,행당,,(B3-B5) 승강장,15 ,1000
서울교통공사,5호선,행당,,(B4-B5) 승강장,15 ,1000
서울교통공사,5호선,행당,3 ,(F1-B3)3번 출입구,15 ,1000
서울교통공사,5호선,화곡,,(B1-B2)승강장,11 ,750
서울교통공사,5호선,화곡,1 ,(F1-B1)1/2번 출입구,15 ,1000
서울교통공사,6호선,고려대(종암),,(B1-B4) 승강장,15 ,1000
서울교통공사,6호선,고려대(종암),,(B1-B4) 승강장,15 ,1000
서울교통공사,6호선,고려대(종암),1 ,(F1-B1)1번 출입구,15 ,1000
서울교통공사,6호선,고려대(종암),3 ,(F1-B1)3/4번 출입구,15 ,1000
서울교통공사,6호선,공덕,,(B1-B2) 승강장,15 ,1000
서울교통공사,6호선,공덕,,(B1-B2) 승강장,15 ,1000
서울교통공사,6호선,공덕,5 ,(F1-B1)5번 출입구,15 ,1000
서울교통공사,6호선,공덕,6 ,(B2-B3)환승통로,15 ,1000
서울교통공사,6호선,공덕,6 ,(B2-B3)환승통로,15 ,1000
서울교통공사,6호선,광흥창(서강),1 ,(F1-B2)1번 출입구,15 ,1000
서울교통공사,6호선,광흥창(서강),,(B2-B3)승강장,15 ,1000
서울교통공사,6호선,광흥창(서강),4 ,(F1-B1)4번 출입구,24 ,1600
서울교통공사,6호선,구산,4 ,(F1-B1)4번 출입구,15 ,1000
서울교통공사,6호선,녹사평(용산구청),,(B4-B5)승강장,15 ,1000
서울교통공사,6호선,녹사평(용산구청),,(B2-B4)지하4층 대합실,15 ,1000
서울교통공사,6호선,녹사평(용산구청),1 ,(F1-B2)1번 출입구,15 ,1000
서울교통공사,6호선,대흥(서강대앞),,(B2-B3)승강장,15 ,1000
서울교통공사,6호선,대흥(서강대앞),,(B1-B2)지하2층 대합실,15 ,1000
서울교통공사,6호선,독바위,,(B1-B6)승강장,15 ,1000
서울교통공사,6호선,독바위,1 ,(F1-B1)1번 출입구,15 ,1000
서울교통공사,6호선,돌곶이,,(B1-B2) 승강장,15 ,1000
서울교통공사,6호선,돌곶이,,(B1-B2) 승강장,15 ,1000
서울교통공사,6호선,돌곶이,3 ,(F1-B1)3번 출입구,15 ,1000
서울교통공사,6호선,동묘앞,,(B2-B3)승강장,15 ,1000
서울교통공사,6호선,동묘앞,,(B2-B3)승강장,15 ,1000
서울교통공사,6호선,디지털미디어시티,,(B1-B2) 승강장,11 ,750
서울교통공사,6호선,디지털미디어시티,,(B1-B2) 승강장,11 ,750
서울교통공사,6호선,디지털미디어시티,4 ,(F1-B1)4번 출입구,17 ,1150
서울교통공사,6호선,마포구청,,(B2-B3) 승강장,15 ,1000
서울교통공사,6호선,마포구청,,(B2-B3) 승강장,15 ,1000
서울교통공사,6호선,마포구청,8 ,(F1-B2)8번 출입구,15 ,1000
서울교통공사,6호선,마포구청,2 ,(F1-B2)2번 출입구,24 ,1600
서울교통공사,6호선,망원,,(B1-B2) 승강장,15 ,1000
서울교통공사,6호선,망원,2 ,(F1-B2) 승강장,15 ,1000
서울교통공사,6호선,버티고개,,(B3-B4) 승강장,11 ,750
서울교통공사,6호선,버티고개,,(B3-B4) 승강장,11 ,750
서울교통공사,6호선,버티고개,,(B2-B3)지하3층 대합실,11 ,750
서울교통공사,6호선,버티고개,,(B1-B2)지하2층 대합실,15 ,1000
서울교통공사,6호선,버티고개,2 ,(F1-B1)2번 출입구,15 ,1000
서울교통공사,6호선,보문,,(B2-B3)승강장,15 ,1000
서울교통공사,6호선,봉화산(서울의료원),2 ,(F1-B1)2번 출입구,15 ,1000
서울교통공사,6호선,봉화산(서울의료원),4 ,(F1-B1)4번 출입구,24 ,1600
서울교통공사,6호선,불광,,(B1-B4) 승강장,15 ,1000
서울교통공사,6호선,불광,,(B1-B4) 승강장,15 ,1000
서울교통공사,6호선,불광,8 ,(F1-B1)8번 출입구,15 ,1000
서울교통공사,6호선,삼각지,,(B3-B4)승강장,15 ,1000
서울교통공사,6호선,삼각지,,(B3-B4)승강장,15 ,1000
서울교통공사,6호선,삼각지,8 ,(F1-B3)8번 출입구,15 ,1000
서울교통공사,6호선,삼각지,12 ,(F1-B3)12번 출입구,15 ,1000
서울교통공사,6호선,삼각지,,(B3-B4)환승통로,24 ,1600
서울교통공사,6호선,상수,,(B2-B3)승강장,15 ,1000
서울교통공사,6호선,상수,,(F1-B1)지하1층 대합실,15 ,1000
서울교통공사,6호선,상수,,(B2-B1)지하2층 대합실,13 ,1000
서울교통공사,6호선,상월곡(한국과학기술연구원),4 ,(F1-B2)4번 출입구,15 ,1000
서울교통공사,6호선,새절(신사),,(B1-B2) 승강장,15 ,1000
서울교통공사,6호선,새절(신사),1 ,(F1-B1)1번 출입구,15 ,1000
서울교통공사,6호선,석계,,(B2-B3) 승강장,15 ,1000
서울교통공사,6호선,석계,,(B2-B3) 승강장,15 ,1000
서울교통공사,6호선,석계,1 ,(F1-B2)1번 출입구,15 ,1000
서울교통공사,6호선,석계,4 ,(F1-B2)4번 출입구,15 ,1000
서울교통공사,6호선,신내,,(F1-F2) 승강장,17 ,1150
서울교통공사,6호선,신당,,(B1-B3)승강장,15 ,1000
서울교통공사,6호선,신당,11 ,(B1-F1)11번 출입구,17 ,1150
서울교통공사,6호선,안암(고대병원앞),,(B2-B3) 승강장,15 ,1000
서울교통공사,6호선,안암(고대병원앞),,(B2-B3) 승강장,15 ,1000
서울교통공사,6호선,안암(고대병원앞),1 ,(F1-B2)1번 출입구,15 ,1000
서울교통공사,6호선,약수,,(B2-B3) 승강장,15 ,1000
서울교통공사,6호선,약수,,(B2-B3) 승강장,15 ,1000
서울교통공사,6호선,약수,,(B1-B3) 승강장,15 ,1000
서울교통공사,6호선,약수,,(B1-B2)지하1층 대합실,15 ,1000
서울교통공사,6호선,역촌,,(B1-B4)승강장,15 ,1000
서울교통공사,6호선,역촌,4 ,(F1-B1)고객상담실 앞,15 ,1000
서울교통공사,6호선,연신내,,(B1-B5)승강장,15 ,1000
서울교통공사,6호선,연신내,6 ,(F1-B1)6번 출입구,15 ,1000
서울교통공사,6호선,월곡(동덕여대),,(B2-B3) 승강장,15 ,1000
서울교통공사,6호선,월곡(동덕여대),,(B2-B3) 승강장,15 ,1000
서울교통공사,6호선,월곡(동덕여대),1 ,(F1-B2)1/5번 출입구 사이,15 ,1000
서울교통공사,6호선,월드컵경기장(성산),,(B2-B3) 승강장,15 ,1000
서울교통공사,6호선,월드컵경기장(성산),,(B2-B3) 승강장,15 ,1000
서울교통공사,6호선,월드컵경기장(성산),2 ,(F1-B2)2번 출입구,15 ,1000
서울교통공사,6호선,응암,,(B1-B2)승강장,15 ,1000
서울교통공사,6호선,응암,4 ,(F1-B1)지하2층 대합실,15 ,1000
서울교통공사,6호선,이태원,,(B1-B5)승강장,15 ,1000
서울교통공사,6호선,이태원,2 ,(F1-B1)2번 출입구,15 ,1000
서울교통공사,6호선,증산(명지대앞),,(B1-B2) 승강장,11 ,750
서울교통공사,6호선,증산(명지대앞),,(B1-B2) 승강장,11 ,750
서울교통공사,6호선,증산(명지대앞),2 ,(F1-B1)2번 출입구,11 ,750
서울교통공사,6호선,창신,,(B1-B4)승강장,15 ,1000
서울교통공사,6호선,창신,3 ,(F1-B1)3/4번 출입구,15 ,1000
서울교통공사,6호선,창신,2 ,(F1-B1)2번 출입구,24 ,1600
서울교통공사,6호선,청구,,(B3-B4)승강장,15 ,1000
서울교통공사,6호선,청구,,(B1-B3)지하3층 대합실,15 ,1000
서울교통공사,6호선,청구,,(B1-B3)지하3층 대합실,15 ,1000
서울교통공사,6호선,청구,3 ,(F1-B1)3번 출입구,15 ,1000
서울교통공사,6호선,청구,1 ,(F1-B1)1번 출입구,15 ,1000
서울교통공사,6호선,태릉입구,,(B1-B2) 승강장,15 ,1000
서울교통공사,6호선,태릉입구,,(B1-B2) 승강장,15 ,1000
서울교통공사,6호선,태릉입구,8 ,(F1-B1)8번 출입구,15 ,1000
서울교통공사,6호선,태릉입구,6 ,(F1-B1)6번 출입구,15 ,1000
서울교통공사,6호선,한강진,,(B3-B4) 승강장,15 ,1000
서울교통공사,6호선,한강진,,(B1-B4) 승강장,15 ,1000
서울교통공사,6호선,한강진,3 ,(F1-B1)3번 출입구,15 ,1000
서울교통공사,6호선,합정,,(B1-B4) 승강장,15 ,1000
서울교통공사,6호선,합정,,(B3-B4) 승강장,15 ,1000
서울교통공사,6호선,합정,6 ,(F1-B1)6번 출입구,15 ,1000
서울교통공사,6호선,합정,9 ,(F1-B1)9번 출입구,15 ,1000
서울교통공사,6호선,합정,8,(F1-B1)8-1번 출입구,15 ,1000
서울교통공사,6호선,화랑대(서울여대입구),,(B1-B2) 승강장,15 ,1000
서울교통공사,6호선,화랑대(서울여대입구),,(B1-B2) 승강장,15 ,1000
서울교통공사,6호선,화랑대(서울여대입구),1 ,(F1-B1)1번 출입구,15 ,1000
서울교통공사,6호선,화랑대(서울여대입구),7 ,(F1-B1)7번 출입구,24 ,1600
서울교통공사,6호선,효창공원앞,,(B2-B3)승강장,15 ,1000
서울교통공사,6호선,효창공원앞,,(B1-B2)지하2층 대합실,15 ,1000
서울교통공사,7호선,가산디지털단지,,(B2-B4) 승강장,15 ,1000
서울교통공사,7호선,가산디지털단지,,(B2-B4) 승강장,15 ,1000
서울교통공사,7호선,가산디지털단지,,(B1-B2)지하2층 대합실,15 ,1000
서울교통공사,7호선,가산디지털단지,6 ,(F1-B1)6번 출입구,15 ,1000
서울교통공사,7호선,강남구청,,(B2-B3) 승강장,15 ,1000
서울교통공사,7호선,강남구청,,(B2-B3) 승강장,15 ,1000
서울교통공사,7호선,건대입구,,(B2-B3) 승강장,15 ,1000
서울교통공사,7호선,건대입구,,(B2-B3) 승강장,15 ,1000
서울교통공사,7호선,고속터미널,,(B2-B3) 승강장,15 ,1000
서울교통공사,7호선,고속터미널,,(B2-B3) 승강장,15 ,1000
서울교통공사,7호선,공릉(서울과학기술대),,(B2-B4) 승강장,15 ,1000
서울교통공사,7호선,공릉(서울과학기술대),,(B1-B4) 승강장,15 ,1000
서울교통공사,7호선,공릉(서울과학기술대),2 ,(F1-B1)2번 출입구,11 ,750
서울교통공사,7호선,광명사거리,,(B2-B3) 승강장,11 ,750
서울교통공사,7호선,광명사거리,2 ,(F1-B2)2번 출입구,15 ,1000
서울교통공사,7호선,군자(능동),7 ,(F1-B1)7번 출입구,15 ,1000
서울교통공사,7호선,남성,,(B2-B3) 승강장,15 ,1000
서울교통공사,7호선,남성,,(B2-B3) 승강장,15 ,1000
서울교통공사,7호선,남성,3 ,(F1-B2)3번 출입구,15 ,1000
서울교통공사,7호선,남성,2 ,(B3-F1)2번 출입구,15 ,1150
서울교통공사,7호선,내방,,(B2-B3) 승강장,15 ,1000
서울교통공사,7호선,내방,,(B2-B3) 승강장,15 ,1000
서울교통공사,7호선,내방,,(B1-B2)고객상담실 앞,15 ,1000
서울교통공사,7호선,내방,3 ,(F1-B1)3번 출입구,15 ,1000
서울교통공사,7호선,내방,5 ,(F1-B1)5번 출입구,24 ,1600
서울교통공사,7호선,노원,,(B1-B3)승강장,15 ,1000
서울교통공사,7호선,노원,3 ,(F1-B1)3번 출입구,15 ,1000
서울교통공사,7호선,노원,6 ,(F1-B1)6번 출입구,24 ,1600
서울교통공사,7호선,논현,,(B2-B3) 승강장,15 ,1000
서울교통공사,7호선,논현,,(B2-B3) 승강장,15 ,1000
서울교통공사,7호선,논현,8 ,(F1-B2)8번 출입구,11 ,750
서울교통공사,7호선,대림(구로구청),,(B1-B2) 승강장,15 ,1000
서울교통공사,7호선,대림(구로구청),,(B1-B2) 승강장,15 ,1000
서울교통공사,7호선,대림(구로구청),10 ,(F1-B1)10번 출입구,15 ,1000
서울교통공사,7호선,도봉산,2 ,(F2-F1) 승강장,11 ,750
서울교통공사,7호선,도봉산,2 ,(F2-F1) 승강장,11 ,750
서울교통공사,7호선,도봉산,,(F2-F1) 승강장,15 ,1000
서울교통공사,7호선,도봉산,,(F2-F1) 승강장,15 ,1000
서울교통공사,7호선,도봉산,1,(B1-F1)1-1번 출입구,11 ,1000
서울교통공사,7호선,뚝섬유원지,1 ,(F2-F1)1번 출입구,15 ,1000
서울교통공사,7호선,뚝섬유원지,,(F3-F2) 승강장,15 ,1000
서울교통공사,7호선,뚝섬유원지,,(F3-F2) 승강장,15 ,1000
서울교통공사,7호선,마들,,(B1-B3)승강장,15 ,1000
서울교통공사,7호선,마들,5 ,(F1-B1)5번 출입구,15 ,1000
서울교통공사,7호선,마들,4 ,(F1-B1)4번 출입구,24 ,1600
서울교통공사,7호선,마들,2 ,(F1-B1)2번 출입구,15 ,1000
서울교통공사,7호선,먹골,,(B2-B3) 승강장,15 ,1000
서울교통공사,7호선,먹골,,(B2-B3) 승강장,15 ,1000
서울교통공사,7호선,먹골,2 ,(F1-B2)2번 출입구,15 ,1000
서울교통공사,7호선,면목,,(B1-B4) 승강장,15 ,1000
서울교통공사,7호선,면목,,(B3-B4) 승강장,15 ,1000
서울교통공사,7호선,면목,3 ,(F1-B1)3번 출입구,15 ,1000
서울교통공사,7호선,반포,,(B2-B3) 승강장,15 ,1000
서울교통공사,7호선,반포,,(B2-B3) 승강장,15 ,1000
서울교통공사,7호선,반포,6 ,(F1-B2)6번 출입구,15 ,1000
서울교통공사,7호선,반포,1 ,(F1-B2)1번 출입구,15 ,1000
서울교통공사,7호선,보라매,,(B1-B2)승강장,11 ,750
서울교통공사,7호선,보라매,6 ,(F1-B1)6번 출입구,15 ,1000
서울교통공사,7호선,사가정,,(B3-B4) 승강장,15 ,1000
서울교통공사,7호선,사가정,,(B1-B4) 승강장,15 ,1000
서울교통공사,7호선,사가정,3 ,(F1-B1)3번 출입구,15 ,1000
서울교통공사,7호선,상도,,(B2-B3) 승강장,15 ,1000
서울교통공사,7호선,상도,,(B2-B3) 승강장,15 ,1000
서울교통공사,7호선,상도,5 ,(F1-B2)5번 출입구측,15 ,1000
서울교통공사,7호선,상봉(시외버스터미널),,(B1-B3) 승강장,15 ,1000
서울교통공사,7호선,상봉(시외버스터미널),,(B1-B3) 승강장,15 ,1000
서울교통공사,7호선,상봉(시외버스터미널),,(B2-B3) 승강장,15 ,1000
서울교통공사,7호선,상봉(시외버스터미널),,(B2-B3) 승강장,15 ,1000
서울교통공사,7호선,상봉(시외버스터미널),3 ,(F1-B1)3번 출입구,15 ,1000
서울교통공사,7호선,수락산,1 ,(F1-B2)1번 출입구,15 ,1000
서울교통공사,7호선,숭실대입구(살피재),,(B2-B6) 승강장,15 ,1000
서울교통공사,7호선,숭실대입구(살피재),,(B2-B6) 승강장,15 ,1000
서울교통공사,7호선,숭실대입구(살피재),2 ,(F1-B2)2번 출입구,15 ,1000
서울교통공사,7호선,숭실대입구(살피재),3 ,(F1-B3)3번 출입구,24 ,1600
서울교통공사,7호선,신대방삼거리,,(B2-B3) 승강장,15 ,1000
서울교통공사,7호선,신대방삼거리,,(B2-B3) 승강장,15 ,1000
서울교통공사,7호선,신대방삼거리,,(B1-B2)고객상담실 옆,15 ,1000
서울교통공사,7호선,신대방삼거리,3 ,(F1-B1)3번 출입구,15 ,1000
서울교통공사,7호선,신풍,,(B1-B2) 승강장,15 ,1000
서울교통공사,7호선,신풍,,(B1-B2) 승강장,15 ,750
서울교통공사,7호선,신풍,4 ,(F1-B1)4번 출입구,15 ,1000
서울교통공사,7호선,신풍,5 ,(F1-B1)5번 출입구,24 ,1600
서울교통공사,7호선,어린이대공원(세종대),,(B1-B3) 승강장,15 ,1000
서울교통공사,7호선,어린이대공원(세종대),,(B1-B3) 승강장,15 ,1000
서울교통공사,7호선,어린이대공원(세종대),1 ,(F1-B1)1번 출입구,15 ,1000
서울교통공사,7호선,어린이대공원(세종대),5 ,(F1-B1)5번 출입구,15 ,1000
서울교통공사,7호선,온수(성공회대입구),,(B1-B2) 승강장,15 ,1000
서울교통공사,7호선,온수(성공회대입구),,(B1-B2) 승강장,15 ,1000
서울교통공사,7호선,온수(성공회대입구),2 ,(F1-B1)2번 출입구,15 ,1000
서울교통공사,7호선,용마산,,(B3-B4) 승강장,15 ,1000
서울교통공사,7호선,용마산,,(B1-B4) 승강장,15 ,1000
서울교통공사,7호선,용마산,1 ,(F2-B1)1번 출입구,15 ,1000
서울교통공사,7호선,장승배기,,(B3-B4) 승강장,15 ,1000
서울교통공사,7호선,장승배기,,(B3-B4) 승강장,15 ,1000
서울교통공사,7호선,장승배기,11 ,(F1-B3)11번 출입구,15 ,1000
서울교통공사,7호선,장암,,(B2-B3) 승강장,11 ,750
서울교통공사,7호선,장암,,(B2-B3) 승강장,11 ,750
서울교통공사,7호선,중계,2 ,(F1-B2)2번 출입구,15 ,1000
서울교통공사,7호선,중계,1 ,(F2-F1)지상,11 ,750
서울교통공사,7호선,중계,1 ,(F2-F1)1번 출입구,11 ,750
서울교통공사,7호선,중곡,,(B2-B3)승강장,15 ,1000
서울교통공사,7호선,중곡,5 ,(F1-B2)5번 출입구,11 ,750
서울교통공사,7호선,중곡,3 ,(F1-B2)3번 출입구,15 ,1000
서울교통공사,7호선,중화,,(B2-B3) 승강장,15 ,1000
서울교통공사,7호선,중화,,(B2-B3) 승강장,15 ,1000
서울교통공사,7호선,중화,1 ,(F1-B2)1번 출입구,15 ,1000
서울교통공사,7호선,천왕,,(B1-B3) 승강장,15 ,1000
서울교통공사,7호선,천왕,,(B2-B3) 승강장,15 ,1000
서울교통공사,7호선,천왕,3 ,(F1-B1)3번 출입구,15 ,1000
서울교통공사,7호선,천왕,,(B1-B2) 승강장,15 ,1000
서울교통공사,7호선,철산,,(B1-B2) 승강장,15 ,1000
서울교통공사,7호선,철산,3 ,(F1-B1)3번 출입구,15 ,1000
서울교통공사,7호선,철산,2 ,(F1-B1)2번 출입구,24 ,1600
서울교통공사,7호선,철산,,(B1-B2) 승강장,15 ,1000
서울교통공사,7호선,청담,,(B1-B2) 승강장,15 ,1000
서울교통공사,7호선,청담,1 ,(F1-B1)1번 출입구,15 ,1000
서울교통공사,7호선,총신대입구(이수),4 ,(F1-B1)4번 출입구,24 ,1600
서울교통공사,7호선,총신대입구(이수),5 ,(F1-B3)5번 출입구,15 ,1000
서울교통공사,7호선,총신대입구(이수),10 ,(F1-B3)10번 출입구,15 ,1000
서울교통공사,7호선,태릉입구,,(B1-B4) 승강장,15 ,1000
서울교통공사,7호선,태릉입구,2 ,(F1-B4) 승강장,15 ,1000
서울교통공사,7호선,하계,,(B1-B3)승강장,15 ,1000
서울교통공사,7호선,하계,1 ,(F1-B1)1번 출입구,15 ,1000
서울교통공사,7호선,하계,6 ,(F1-B1)6번 출입구,15 ,1000
서울교통공사,7호선,학동,,(B2-B3) 승강장,15 ,1000
서울교통공사,7호선,학동,,(B2-B3) 승강장,15 ,1000
서울교통공사,7호선,학동,3 ,(F1-B2)3번 출입구,15 ,1000
서울교통공사,8호선,가락시장,,(B1-B2) 승강장,15 ,1000
서울교통공사,8호선,가락시장,,(B1-B2) 승강장,15 ,1000
서울교통공사,8호선,가락시장,,(B2-B3) 승강장,15 ,1000
서울교통공사,8호선,가락시장,,(B2-B3) 승강장,15 ,1000
서울교통공사,8호선,가락시장,1 ,(F1-B2)1/2번 출입구,15 ,1000
서울교통공사,8호선,가락시장,3 ,(F1-B1)3/4번 출입구,15 ,1000
서울교통공사,8호선,강동구청,,(B2-B3) 승강장,11 ,750
서울교통공사,8호선,강동구청,,(B2-B3) 승강장,11 ,750
서울교통공사,8호선,강동구청,4 ,(F1-B2)4번 출입구,15 ,1000
서울교통공사,8호선,남위례,1 ,(F1-F2),21 ,1600
서울교통공사,8호선,남위례,5 ,(F1-F4),21 ,1600
서울교통공사,8호선,남위례,,(F1-F4),21 ,1600
서울교통공사,8호선,남한산성입구(성남법원·검찰청),,(B2-B3) 승강장,11 ,750
서울교통공사,8호선,남한산성입구(성남법원·검찰청),,(F1-B3) 승강장,15 ,1000
서울교통공사,8호선,단대오거리,,(B1-B3) 승강장,15 ,1000
서울교통공사,8호선,단대오거리,,(B1-B3) 승강장,15 ,1000
서울교통공사,8호선,단대오거리,4 ,(F1-B1)4번 출입구,15 ,1000
서울교통공사,8호선,모란,,(B1-B3) 승강장,15 ,1000
서울교통공사,8호선,모란,,(B2-B3) 승강장,15 ,1000
서울교통공사,8호선,모란,11 ,(F1-B1)11번 출입구,15 ,1000
서울교통공사,8호선,몽촌토성(평화의문),,(B2-B3) 승강장,15 ,1000
서울교통공사,8호선,몽촌토성(평화의문),,(B2-B3) 승강장,11 ,750
서울교통공사,8호선,몽촌토성(평화의문),,(B1-B2)지하2층 대합실,11 ,750
서울교통공사,8호선,몽촌토성(평화의문),4 ,(F1-B1)4번 출입구,15 ,1000
서울교통공사,8호선,문정,,(B1-B2) 승강장,11 ,750
서울교통공사,8호선,문정,,(B1-B2) 승강장,11 ,750
서울교통공사,8호선,문정,2 ,(F1-B1)2번 출입구,15 ,1000
서울교통공사,8호선,복정,,(B1-B3)승강장,15 ,1000
서울교통공사,8호선,산성,,(B2-B3) 승강장,11 ,750
서울교통공사,8호선,산성,,(B2-B3) 승강장,11 ,750
서울교통공사,8호선,산성,,(B1-B2)대합실,11 ,750
서울교통공사,8호선,산성,3 ,(F1-B1)3번 출입구,11 ,750
서울교통공사,8호선,석촌,,(B1-B2) 승강장,11 ,750
서울교통공사,8호선,석촌,,(B1-B2) 승강장,11 ,750
서울교통공사,8호선,석촌,1 ,(F1-B1)1번 출입구,15 ,1000
서울교통공사,8호선,송파,,(B1-B2) 승강장,11 ,750
서울교통공사,8호선,송파,,(B1-B2) 승강장,11 ,750
서울교통공사,8호선,송파,1 ,(F1-B1)1번 출입구,11 ,750
서울교통공사,8호선,송파,4 ,(F1-B1),15 ,1150
서울교통공사,8호선,수진,,(B1-B2) 승강장,11 ,750
서울교통공사,8호선,수진,,(B1-B2) 승강장,11 ,750
서울교통공사,8호선,수진,3 ,(B1-F1)3번 출입구,24 ,1600
서울교통공사,8호선,신흥,,(B1-B2) 승강장,11 ,750
서울교통공사,8호선,신흥,,(B1-B2) 승강장,11 ,750
서울교통공사,8호선,암사,,(B1-B2) 승강장,11 ,750
서울교통공사,8호선,암사,,(B1-B2) 승강장,11 ,750
서울교통공사,8호선,암사,3 ,(F1-B1)3번 출입구,15 ,1000
서울교통공사,8호선,잠실(송파구청),,(B1-B3) 승강장,15 ,1000
서울교통공사,8호선,잠실(송파구청),,(B1-B3) 승강장,15 ,1000
서울교통공사,8호선,잠실(송파구청),9 ,(F1-B1)9번 출입구,15 ,1000
서울교통공사,8호선,잠실(송파구청),10 ,(B2-F1)10번 출입구,17 ,1150
서울교통공사,8호선,장지,,(B1-B2) 승강장,11 ,750
서울교통공사,8호선,장지,,(B1-B2) 승강장,11 ,750
서울교통공사,8호선,장지,1 ,(F1-B1)1번 출입구,15 ,1000
서울교통공사,8호선,장지,3 ,(F1-B1)3번 출입구,15 ,1000
서울교통공사,8호선,천호(풍납토성),,(B1-B2) 승강장,15 ,1000
서울교통공사,8호선,천호(풍납토성),,(B1-B2) 승강장,15 ,1000
